Name;Value;Value_de-De;Value_es-ES;Value_ru;Value_fr-FR;Value-uk
Getting started;Getting started;Loslegen ;Empezar ;Начало ;Commencer ;Початок 
Decoding Replays;Decoding Replays;Wiedergabe entschlüsseln ;Descodificación de repeticiones ;Декодирование повторов ;Décodage des relectures ;Декодування переглядів 
Decoding Replays detail;"To utilize the app's features, you need to decode StarCraft 2 replays, extracting raw data from SC2Replay files. Initiate decoding by selecting the 'New Replays' button on the top row or the 'Decode' button on the 'Home' screen.";"Um die Funktionen der App zu nutzen, müssen Sie StarCraft 2-Wiederholungen entschlüsseln und Rohdaten aus SC2Replay-Dateien extrahieren. Starten Sie die Entschlüsselung, indem Sie die Schaltfläche 'Neue Wiederholungen' in der obersten Reihe oder die Schaltfläche 'Entschlüsseln' auf dem 'Startbildschirm' auswählen.";"Para utilizar las funciones de la aplicación, debes descifrar las repeticiones de StarCraft 2, extrayendo datos sin procesar de los archivos SC2Replay. Inicia el descifrado seleccionando el botón 'Nuevas Repeticiones' en la fila superior o el botón 'Descifrar' en la pantalla de 'Inicio'.";"Для использования функций приложения вам необходимо декодировать повторы StarCraft 2, извлекая сырые данные из файлов SC2Replay. Инициируйте декодирование, выбрав кнопку 'Новые повторы' в верхнем ряду или кнопку 'Декодировать' на экране 'Главная'.";"Pour utiliser les fonctionnalités de l'application, vous devez décoder les rediffusions de StarCraft 2, en extrayant des données brutes des fichiers SC2Replay. Initiez le décodage en sélectionnant le bouton 'Nouvelles rediffusions' dans la rangée supérieure ou le bouton 'Décoder' sur l'écran d'accueil.";"Для використання можливостей додатка вам потрібно декодувати повтори StarCraft 2, витягаючи сиру інформацію з файлів SC2Replay. Запустіть декодування, вибравши кнопку 'Нові повтори' у верхньому ряду або кнопку 'Декодувати' на головному екрані."
Decoding Process;Decoding Process ;Entschlüsselungsprozess ;Proceso de descodificación ;Процесс декодирования ;Processus de décodage ;Процес декодування 
Decoding Process detail;The initial decoding may take some time, typically 30-60 minutes per 1,000 replays. The duration depends on the number of replays and your hardware capabilities.;Die anfängliche Entschlüsselung kann einige Zeit in Anspruch nehmen, normalerweise 30-60 Minuten pro 1.000 Wiederholungen. Die Dauer hängt von der Anzahl der Wiederholungen und Ihren Hardware-Fähigkeiten ab.;La decodificación inicial puede llevar algún tiempo, normalmente de 30 a 60 minutos por cada 1,000 repeticiones. La duración depende del número de repeticiones y de las capacidades de su hardware.;Первичная декодировка может занять некоторое время, обычно 30-60 минут на 1 000 повторов. Продолжительность зависит от количества повторов и технических возможностей вашего оборудования.;Le décodage initial peut prendre un certain temps, généralement de 30 à 60 minutes par 1 000 rediffusions. La durée dépend du nombre de rediffusions et des capacités de votre matériel.;Перший етап декодування може зайняти певний час, зазвичай 30-60 хвилин на 1 000 повторень. Тривалість залежить від кількості повторень і можливостей вашого обладнання.
Optimizing Decoding;Optimizing Decoding;Entschlüsselung optimieren;Optimizando la descodificación ;Оптимизация декодирования ;Optimisation du décodage ;Оптимізація декодування 
Optimizing Decoding detail;"You can enhance decoding speed by configuring the number of CPU cores in the 'Settings' screen. Note that during initial decoding, these cores will be heavily utilized.";"Sie können die Decodierungsgeschwindigkeit verbessern, indem Sie die Anzahl der CPU-Kerne auf dem Bildschirm 'Einstellungen' konfigurieren. Beachten Sie, dass während der anfänglichen Decodierung diese Kerne stark beansprucht werden. ";"Puedes mejorar la velocidad de descodificación configurando el número de núcleos de CPU en la pantalla de 'Configuración'. Ten en cuenta que durante la decodificación inicial, estos núcleos se utilizarán intensivamente. ";"Вы можете увеличить скорость декодирования, настроив количество ядер CPU на экране 'Настройки'. Обратите внимание, что во время начального декодирования эти ядра будут активно использоваться. ";"Vous pouvez améliorer la vitesse de décodage en configurant le nombre de cœurs CPU dans l'écran 'Paramètres'. Notez que pendant le décodage initial, ces cœurs seront fortement sollicités. ";"Ви можете підвищити швидкість декодування, налаштувавши кількість ядер ЦП на екрані 'Налаштування'. Зверніть увагу, що під час початкового декодування ці ядра будуть інтенсивно використовуватися. "
Decoding Speed;Decoding Speed;Entschlüsselungsgeschwindigkeit ;Velocidad de descodificación ;Скорость декодирования ;Vitesse de décodage ;Швидкість декодування 
Decoding Speed detail;Post the initial decoding, individual replays can be processed swiftly, ranging from 3-10 seconds based on the game duration.;Nach der anfänglichen Entschlüsselung können einzelne Wiederholungen schnell verarbeitet werden, je nach Spieldauer zwischen 3 und 10 Sekunden. ;Después de la decodificación inicial, las repeticiones individuales pueden procesarse rápidamente, variando entre 3 y 10 segundos según la duración del juego. ;После начального декодирования отдельные повторы могут быть обработаны быстро, в пределах 3-10 секунд в зависимости от продолжительности игры. ;Après le décodage initial, les rediffusions individuelles peuvent être traitées rapidement, de 3 à 10 secondes en fonction de la durée du jeu. ;Після початкового декодування окремі повторення можуть бути оброблені швидко, від 3 до 10 секунд в залежності від тривалості гри. 
Automatic Replay Detection;Automatic Replay Detection;Automatische Wiederholungserkennung ;Detección automática de repeticiones ;Автоматическое обнаружение повторов ;Détection automatique des rediffusions ;Автоматичне виявлення повторів 
Automatic Replay Detection detail;"The app automatically identifies and decodes new replays in folders specified in the 'Settings' screen if the application is open. ";"Die App erkennt und entschlüsselt automatisch neue Wiederholungen in den auf dem Bildschirm 'Einstellungen' angegebenen Ordnern, wenn die Anwendung geöffnet ist. ";"La aplicación identifica y descodifica automáticamente nuevas repeticiones en las carpetas especificadas en la pantalla de 'Configuración' si la aplicación está abierta. ";"Приложение автоматически определяет и декодирует новые повторы в папках, указанных на экране 'Настройки', если приложение открыто. ";"L'application identifie et décode automatiquement les nouvelles rediffusions dans les dossiers spécifiés dans l'écran 'Paramètres' si l'application est ouverte. ";"Додаток автоматично визначає та декодує нові повтори в папках, вказаних на екрані 'Налаштування', якщо додаток відкритий. "
Pause and Resume Functionality;Pause and Resume Functionality;Funktionalität zum Anhalten und Fortsetzen ;Funcionalidad de Pausa y Continuar ;Функция паузы и возобновления ;Fonctionnalité de Pause et Reprise ;Функціональність паузи та відновлення 
Pause and Resume Functionality detail;Decoding can be paused at any time, and the app will resume from the last position upon restarting. ;Die Entschlüsselung kann jederzeit pausiert werden, und die App wird beim Neustart an der letzten Position fortgesetzt. ;La decodificación se puede pausar en cualquier momento, y la aplicación continuará desde la última posición al reiniciar. ;Декодирование может быть приостановлено в любое время, и приложение возобновит работу с последней позиции при повторном запуске. ;La décodage peut être mis en pause à tout moment, et l'application reprendra depuis la dernière position lors de la relance. ;Декодування може бути призупинено в будь-який момент, і додаток продовжить з останньої позиції під час перезапуску.
Consent for Upload;Consent for Upload;Zustimmung für den Upload;Consentimiento para cargar;Согласие на загрузку;Consentement pour le téléchargement;Згода на завантаження
Consent for Upload detail;To upload replays to the website, you must grant consent in the 'Settings' page. Once consented, decoded replays will be automatically uploaded, or you can manually press the 'Upload' button on the 'Home' screen.;Um Wiederholungen auf die Website hochzuladen, müssen Sie auf der 'Einstellungen'-Seite zustimmen. Nach der Zustimmung werden entschlüsselte Wiederholungen automatisch hochgeladen, oder Sie können manuell die Schaltfläche 'Hochladen' auf dem 'Startbildschirm' drücken.;Para cargar repeticiones en el sitio web, debes otorgar consentimiento en la página de 'Configuración'. Una vez otorgado el consentimiento, las repeticiones decodificadas se cargarán automáticamente, o puedes presionar manualmente el botón 'Cargar' en la pantalla de 'Inicio'.;Для загрузки повторов на веб-сайт, вы должны дать согласие на странице 'Настройки'. После получения согласия декодированные повторы будут автоматически загружены, или вы можете вручную нажать кнопку 'Загрузить' на экране 'Главная'.;Pour télécharger des rediffusions sur le site web, vous devez donner votre consentement dans la page 'Paramètres'. Une fois le consentement donné, les rediffusions décodées seront automatiquement téléchargées, ou vous pouvez appuyer manuellement sur le bouton 'Télécharger' sur l'écran d'accueil.;Для завантаження повторів на веб-сайт, вам потрібно дати згоду на сторінці 'Налаштування'. Після надання згоди розкодовані повтори автоматично завантажуватимуться, або ви можете вручну натискати кнопку 'Завантажити' на головному екрані.
Comparing Stats;Comparing Stats;Statistiken vergleichen;Comparando estadísticas;Сравнение статистики;Comparaison des statistiques;Порівняння статистики
Comparing Stats detail;Explore player and commander stats locally or, with consent, compare them online with other players for a comprehensive gaming analysis.;Spieler- und Kommandantenstatistiken lokal erkunden oder mit Zustimmung online mit anderen Spielern vergleichen, um eine umfassende Spielanalyse durchzuführen.;Explora estadísticas de jugadores y comandantes localmente o, con consentimiento, compáralas en línea con otros jugadores para un análisis de juego integral.;Изучайте статистику игрока и командира локально или, с согласия, сравнивайте ее онлайн с другими игроками для комплексного анализа игры.;Explorez les statistiques des joueurs et des commandants localement ou, avec consentement, comparez-les en ligne avec d'autres joueurs pour une analyse de jeu complète.;Досліджуйте статистику гравців та командирів локально або, за згодою, порівнюйте її онлайн з іншими гравцями для комплексного аналізу гри.
Community Support;Community Support;Community-Support;Apoyo comunitario;Поддержка сообщества;Soutien de la communauté;Підтримка спільноти
Community Support detail;Join our online community for additional assistance, updates, and discussions related to the app.;Treten Sie unserer Online-Community für zusätzliche Unterstützung, Updates und Diskussionen im Zusammenhang mit der App bei.;Únete a nuestra comunidad en línea para obtener asistencia adicional, actualizaciones y discusiones relacionadas con la aplicación.;Присоединяйтесь к нашему онлайн-сообществу для дополнительной помощи, обновлений и обсуждений, связанных с приложением.;Rejoignez notre communauté en ligne pour une assistance supplémentaire, des mises à jour et des discussions liées à l'application.;Приєднуйтеся до нашої онлайн-спільноти для додаткової допомоги, оновлень та обговорень, пов'язаних з додатком.
Decode;Decode; Entschlüsseln; Decodificar; Декодировать; Décoder; Декодувати
Scan;Scan; Scannen; Escanear; Сканировать; Scanner; Сканувати
Upload;Upload; Hochladen; Cargar; Загрузить; Télécharger;Завантажити
StopDecoding;StopDecoding; Entschlüsselung stoppen; Detener decodificación; Остановить декодирование; Arrêter le décodage; Зупинити декодування
Latest Replay;Latest Replay; Neueste Wiederholung; Última Repetición; Последняя повтор; Dernière Rediffusion; Останній повтор
Recent Replay;Recent Replay; Aktuelle Wiederholung; Repetición Reciente; Недавнее повторение; Rediffusion Récente; Остання повторення
Session Progress;Session Progress; Sitzungsfortschritt; Progreso de Sesión; Прогресс сессии; Progression de la Session; Прогрес сесії
Replays;Replays; Wiederholungen; Repeticiones; Повторы; Rediffusions; Повторення
New Replays;New Replays; Neue Wiederholungen; Nuevas Repeticiones; Новые повторы; Nouvelles Rediffusions; Нові повторення
Check for Updates;Check for Updates; Nach Updates suchen; Buscar actualizaciones; Проверить наличие обновлений; Vérifier les mises à jour; Перевірити наявність оновлень
Errors;Errors; Fehler; Errores; Ошибки; Erreurs; Помилки
Calculating Ratings;Calculating Ratings; Berechnung der Bewertungen; Calculando Calificaciones; Вычисление рейтингов; Calcul des Évaluations; Обчислення рейтингів
Writing to database;Writing to database; In die Datenbank schreiben; Escribiendo en la base de datos; Запись в базу данных; Écriture dans la base de données; Запис до бази даних
Decoded {0} Replay(s) in {1};Decoded {0} Replay(s) in {1};{0} Wiederholung(en) in {1} entschlüsselt;Decodificado {0} repetición(es) en {1};Декодировано {0} повторов за {1};Décodé {0} rediffusion(s) en {1};Декодовано {0} повторів за {1}
Uploading;Uploading; Hochladen; Subiendo; Загрузка (Zagruzka); Envoi; Вивантаження 
Upload successful;Upload successful; Erfolgreich hochgeladen; Carga exitosa; Загрузка успешна; Téléchargement réussi; Вивантаження успішне
Upload failed. Please try again later.;Upload failed. Please try again later.; Hochladen fehlgeschlagen. Bitte versuchen Sie es später erneut.; Error al cargar. Por favor, inténtelo de nuevo más tarde.; Ошибка загрузки. Пожалуйста, попробуйте снова позже.; Échec du téléchargement. Veuillez réessayer plus tard.; Помилка завантаження. Будь ласка, спробуйте знову пізніше.
Upload forbidden due to Disable/Delete.;Upload forbidden due to Disable/Delete.; Hochladen aufgrund von Deaktivieren/Löschen untersagt.; Carga prohibida debido a Desactivar/Eliminar.; Загрузка запрещена из-за Отключения/Удаления.; Téléchargement interdit en raison de la désactivation/suppression.; Завантаження заборонено через Вимкнення/Видалення.
Home;Home; Startseite; Inicio; Главная; Accueil; Головна
Stats;Stats; Statistiken; Estadísticas; Статистика; Statistiques; Статистика
Builds;Builds; Zusammensetzungen; Composiciones; Композиции;Compositions; Композиції
Ratings;Ratings; Bewertungen; Calificaciones; Рейтинги; Évaluations; Рейтинги
Replays1;Replays; Spiele; Partidas; Повторы; Rejouer; Повтори
Settings;Settings; Einstellungen; Configuración; Настройки; Paramètres; Налаштування
Help;Help; Hilfe; Ayuda; Помощь; Aide; Допомога
Info;Info; Information; Información; Информация; Info; Інформація
Report Issues or Suggestions;Report Issues or Suggestions; Probleme oder Vorschläge melden; Informar problemas o sugerencias; Сообщить о проблемах или предложениях; Signaler des problèmes ou faire des suggestions; Повідомити про проблеми чи запропонувати ідеї
Upload Replays to {0};Upload Replays to {0}; Wiederholungen auf {0} hochladen; Subir repeticiones a {0}; Загрузить повторы на {0}; Télécharger les rediffusions sur {0}; Завантажити повтори на {0}
Auto decode - detect new replays and start decoding after each game;Auto decode - detect new replays and start decoding after each game; Automatische Entschlüsselung - Erkennen neuer Wiederholungen und Starten der Entschlüsselung nach jedem Spiel; Decodificación automática: detectar nuevas repeticiones y comenzar la decodificación después de cada juego; Автоматическая декодировка - обнаружение новых повторов и начало декодирования после каждой игры; Décodage automatique - détecter de nouvelles rediffusions et commencer le décodage après chaque partie; Автоматичне декодування - виявлення нових повторів та початок декодування після кожної гри
Check for updates on App start;Check for updates on App start; Beim Start der App überprüfen, ob es neue Updates gibt; Verificar actualizaciones al iniciar la aplicación; Проверять обновления при запуске приложения; Vérifier les mises à jour au démarrage de l'application; Перевіряти оновлення при запуску додатка
CPU Cores - used for decoding new replays (available CPU-Cores: {0});CPU Cores - used for decoding new replays (available CPU-Cores: {0}); CPU-Kerne - für die Entschlüsselung neuer Wiederholungen verwendet (verfügbare CPU-Kerne: {0}); Núcleos de CPU - utilizados para decodificar nuevas repeticiones (núcleos de CPU disponibles: {0}); Ядра ЦП - используются для декодирования новых повторов (доступные ядра ЦП: {0}); Cœurs de CPU - utilisés pour décoder de nouvelles rediffusions (cœurs de CPU disponibles : {0}); Ядра ЦП - використовуються для декодування нових повторів (доступні ядра ЦП: {0})
SC2Profiles (deactivate the profiles that should not be decoded and uploaded);SC2Profiles (deactivate the profiles that should not be decoded and uploaded); SC2-Profile (deaktiviere die Profile, die nicht entschlüsselt und hochgeladen werden sollen); SC2Profiles (desactivar los perfiles que no deben descifrarse y subirse); SC2Profiles (отключить профили, которые не должны быть декодированы и загружены); SC2Profiles (désactiver les profils qui ne doivent pas être décodés et téléchargés); SC2Profiles (деактивувати профілі, які не повинні бути декодовані та вивантажені)
Custom folders with replays to be decoded and uploaded;Custom folders with replays to be decoded and uploaded; Benutzerdefinierte Ordner mit Wiederholungen, die entschlüsselt und hochgeladen werden sollen; Carpetas personalizadas con repeticiones que deben descifrarse y subirse; Пользовательские папки с повторами для декодирования и загрузки; Dossiers personnalisés avec des rediffusions à décoder et à télécharger; Користувацькі папки з повторами для декодування та вивантаження
Replay Start Name;Replay Start Name; Wiederholungsstartname; Nombre de inicio de repetición; Имя начала повтора; Nom de démarrage de la rediffusion; Ім'я початку повтору
Replay Start Name desc;The beginning of the filename of the Direct Strike replays - The default value is 'Direct Strike' but might be different depending on your language; Der Anfang des Dateinamens der Direct Strike Wiederholungen - Der Standardwert ist 'Direct Strike', kann aber je nach Sprache unterschiedlich sein; El comienzo del nombre de archivo de las repeticiones de Direct Strike - El valor predeterminado es 'Direct Strike', pero puede ser diferente según tu idioma; Начало имени файла повторов Direct Strike - Значение по умолчанию - 'Direct Strike', но может отличаться в зависимости от вашего языка; Le début du nom de fichier des rediffusions de Direct Strike - La valeur par défaut est 'Direct Strike', mais peut être différente en fonction de votre langue; Початок імені файлу повторів Direct Strike - Значення за замовчуванням - 'Direct Strike', але може відрізнятися в залежності від вашої мови
Replays on Ignore list (skipped during decoding and uploading);Replays on Ignore list (skipped during decoding and uploading); Ignorierte Wiederholungen (übersprungen während Entschlüsselung und Hochladen); Repeticiones en la lista de ignorados (omitidas durante la decodificación y subida); Повторы в списке игнорирования (пропущены при декодировании и загрузке); Rediffusions sur la liste d'ignorées (ignorées lors du décodage et du téléchargement); Повтори в списку ігнорування (пропущені під час декодування та вивантаження)
UnIgnore;UnIgnore; Unignorieren; Quitar de ignorados; Отменить игнорирование; Réactiver; Скасувати ігнорування
Reset Ignorelist;Reset Ignorelist; Ignorierliste zurücksetzen; Restablecer lista de ignorados; Сбросить список игнорирования; Réinitialiser la liste d'ignorées; Скинути список ігнорування
App folder;App folder; App-Ordner; Carpeta de la aplicación; Папка приложения; Dossier de l'application; Папка додатка
Save;Save; Speichern; Guardar; Сохранить (Sozhranit'); Enregistrer; Зберегти
Undo;Undo; Rückgängig machen; Deshacer; Отменить; Annuler; Скасувати
Reset;Reset; Zurücksetzen; Restablecer; Сбросить; Réinitialiser; Скинути
Backup;Backup; Sicherungskopie; Copia de seguridad; Резервная копия; Sauvegarde; Резервна копія
Restore;Restore; Wiederherstellen; Restaurar; Восстановить; Restaurer; Відновити
Setting changes not saved!;Setting changes not saved!; Einstellungsänderungen nicht gespeichert!; ¡Cambios en la configuración no guardados!; Изменения настроек не сохранены!; Changements de paramètres non enregistrés !; Зміни налаштувань не збережено!
Would you like to save the changes, now?;Would you like to save the changes, now?; Möchten Sie die Änderungen jetzt speichern?; ¿Le gustaría guardar los cambios ahora?; Хотите сохранить изменения сейчас?; Voulez-vous enregistrer les modifications maintenant ?; Бажаєте зберегти зміни зараз?
Yes;Yes; Ja; Sí; Да; Oui; Так
No;No; Nein; No; Нет; Non; Ні
Settings changes undone.;Settings changes undone.; Einstellungsänderungen rückgängig gemacht.; Cambios en la configuración deshechos.; Изменения настроек отменены.; Changements de paramètres annulés.; Зміни налаштувань скасовано.
Settings reset to default.;Settings reset to default.; Einstellungen auf Standard zurückgesetzt.; Configuración restablecida a los valores predeterminados.; Настройки сброшены на значения по умолчанию.; Paramètres réinitialisés par défaut.; Налаштування скинуті на заводські.
Settings saved.;Settings saved.; Einstellungen gespeichert.; Configuración guardada.; Настройки сохранены.; Paramètres enregistrés.; Налаштування збережено.
Backup successful.;Backup successful.; Sicherung erfolgreich durchgeführt.; Copia de seguridad realizada con éxito.; Резервное копирование выполнено успешно.; Sauvegarde réussie.; Резервне копіювання успішно виконано.
Backup canceled.;Backup canceled.; Sicherung abgebrochen.; Copia de seguridad cancelada.; Резервное копирование отменено.; Sauvegarde annulée.; Резервне копіювання скасовано.
Backup failed.;Backup failed.; Sicherung fehlgeschlagen.; Copia de seguridad fallida.; Резервное копирование не удалось.; Échec de la sauvegarde.; Резервне копіювання не вдалося.
Backup restore successful.;Backup restore successful.; Wiederherstellung der Sicherung erfolgreich.; Restauración de copia de seguridad realizada con éxito.; Восстановление резервной копии выполнено успешно.; Restauration de sauvegarde réussie.; Відновлення резервної копії успішно виконано.
Backup restore canceled.;Backup restore canceled.; Wiederherstellung der Sicherung abgebrochen.; Restauración de copia de seguridad cancelada.; Восстановление резервной копии отменено.; Annulation de la restauration de sauvegarde.; Скасування відновлення резервної копії.
Backup restore failed.;Backup restore failed.; Wiederherstellung der Sicherung fehlgeschlagen.; Restauración de copia de seguridad fallida.; Восстановление резервной копии не удалось.; Échec de la restauration de sauvegarde.; Відновлення резервної копії не вдалося.
Activate;Activate; Aktivieren; Activar; Активировать; Activer; Активувати 
Deactivate;Deactivate; Deaktivieren; Desactivar; Деактивировать; Désactiver; Деактивувати
Add Folder;Add Folder; Ordner hinzufügen; Agregar carpeta; Добавить папку; Ajouter un dossier; Додати папку
Thank you for using this app!;Thank you for using this app!; Vielen Dank, dass Sie diese App verwenden!; ¡Gracias por usar esta aplicación!; Спасибо за использование этого приложения!; Merci d'utiliser cette application !; Дякуємо за використання цього додатка!
If you love Direct Strike and like to help balance the game, it would be very nice if the statistics were uploaded from time to time.;If you love Direct Strike and like to help balance the game, it would be very nice if the statistics were uploaded from time to time.; Wenn Sie Direct Strike lieben und gerne dazu beitragen möchten, das Spiel auszubalancieren, wäre es sehr nett, wenn die Statistiken von Zeit zu Zeit hochgeladen würden.; Si te encanta Direct Strike y te gusta ayudar a equilibrar el juego, sería muy bueno si las estadísticas se subieran de vez en cuando.; Если вы любите Direct Strike и хотите помочь балансировать игру, было бы очень хорошо, если статистика время от времени загружалась.; Si vous aimez Direct Strike et que vous voulez aider à équilibrer le jeu, ce serait très bien si les statistiques étaient téléchargées de temps en temps.; Якщо ви любите Direct Strike і хочете допомогти збалансувати гру, було б дуже гарно, якщо статистика час від часу завантажувалася.
Would you like to allow the application to upload your Direct Strike replay data to {0}?;Would you like to allow the application to upload your Direct Strike replay data to {0}?; Möchten Sie der Anwendung erlauben, Ihre Direct Strike Wiederholungsdaten auf {0} hochzuladen?; ¿Le gustaría permitir que la aplicación cargue sus datos de repeticiones de Direct Strike en {0}?; Хотите разрешить приложению загружать данные повторов Direct Strike на {0}?; Souhaitez-vous autoriser l'application à télécharger les données de vos rediffusions Direct Strike sur {0} ?; Чи хочете ви дозволити програмі завантажувати дані повторів Direct Strike на {0}?
Allow Uploads;Allow Uploads; Uploads erlauben; Permitir cargas; Разрешить загрузки; Autoriser les téléchargements; Дозволити завантаження
Close;Close; Schließen; Cerrar; Закрыть; Fermer; Закрити
Thank you for allowing uploading! You can change the credentials in the settings at any time.;Thank you for allowing uploading! You can change the credentials in the settings at any time.; Vielen Dank, dass Sie das Hochladen erlauben! Sie können die Anmeldedaten jederzeit in den Einstellungen ändern.; ¡Gracias por permitir la carga! Puede cambiar las credenciales en la configuración en cualquier momento.; Спасибо за разрешение загрузки! Вы можете изменить учетные данные в любое время в настройках.; Merci d'avoir autorisé le téléchargement ! Vous pouvez changer les identifiants dans les paramètres à tout moment.; Дякуємо за дозвіл на завантаження! Ви можете змінити облікові дані в будь-який час у налаштуваннях.
Error Replays;Error Replays; Fehlerhafte Wiederholungen; Repetición de errores; Ошибка повторов; Replays d'erreur; Помилка повторів
Add All to Ignore List;Add All to Ignore List; Alle zur Ignorierliste hinzufügen; Agregar todo a la lista de ignorados; Добавить все в список игнорирования; Ajouter tout à la liste d'ignorés; Додати всі до списку ігнорування
Ignore;Ignore; Ignorieren; Ignorar; Игнорировать; Ignorer; Ігнорувати
Replays added to the ignore list. You can manage the list in the Settings.;Replays added to the ignore list. You can manage the list in the Settings.; Wiederholungen wurden zur Ignorierliste hinzugefügt. Sie können die Liste in den Einstellungen verwalten.; Reproducciones añadidas a la lista de ignorados. Puede gestionar la lista en Configuración.; Повторы добавлены в список игнорирования. Вы можете управлять списком в настройках.; Replays ajoutés à la liste d'ignorés. Vous pouvez gérer la liste dans les paramètres.; Повтори додані до списку ігнорування. Ви можете управляти списком у налаштуваннях.
Replay added to the ignore list. You can manage the list in the Settings.;Replay added to the ignore list. You can manage the list in the Settings.; Wiederholung zur Ignorierliste hinzugefügt. Sie können die Liste in den Einstellungen verwalten.; Repetición añadida a la lista de ignorados. Puede gestionar la lista en Configuración.; Повтор добавлен в список игнорирования. Вы можете управлять списком в настройках.; Replay ajouté à la liste d'ignorés. Vous pouvez gérer la liste dans les paramètres.; Повтор додано до списку ігнорування. Ви можете управляти списком у налаштуваннях.
New Version Available!;New Version Available!; Neue Version verfügbar!; ¡Nueva versión disponible!; Доступна новая версия!; Nouvelle version disponible !; Доступна нова версія!
Would you like to update now?;Would you like to update now?; Möchten Sie jetzt aktualisieren?; ¿Quieres actualizar ahora?; Хотите обновить сейчас?; Voulez-vous mettre à jour maintenant ?;
Update Failed;Update Failed; Aktualisierung fehlgeschlagen; Fallo en la actualización; Обновление не удалось; Échec de la mise à jour; Оновлення не вдалося
Your version is up to date.;Your version is up to date.; Ihre Version ist auf dem neuesten Stand.; Tu versión está actualizada.; Ваша версия обновлена.; Votre version est à jour.; Ваша версія оновлена.
Recalculate Ratings;Recalculate Ratings; Bewertungen neu berechnen; Recalcular calificaciones; Пересчитать рейтинги; Recalculer les notes; Перерахувати рейтинги
Starting local rating recalculation;Starting local rating recalculation; Lokale Bewertungsberechnung startet; Iniciando recálculo de calificaciones locales; Начать пересчет локального рейтинга; Démarrage du recalcul des notes locales; Розпочати перерахунок місцевого рейтингу
Ratings recalculated.;Ratings recalculated.; Bewertungen neu berechnet.; Calificaciones recalculadas.; Рейтинги пересчитаны.; Notes recalculées.; Рейтинги перераховані.
Already decoding.;Already decoding.; Bereits am Decodieren.; Ya está descodificando.; Уже декодируется.; Déjà en cours de décodage.; Вже декодується.
New replay detected.;New replay detected.; Neue Wiederholung erkannt.; Nueva repetición detectada.; Обнаружен новый повтор.; Nouvelle rediffusion détectée.; Виявлено новий повтор.
No new replays found.;No new replays found.; Keine neuen Wiederholungen gefunden.; No se encontraron nuevas repeticiones.; Новые повторы не найдены.; Aucune nouvelle rediffusion trouvée.; Нових повторів не знайдено.
Decoding canceled.;Decoding canceled.; Dekodierung abgebrochen.; Descodificación cancelada.; Декодирование отменено.; Décodage annulé.; Декодування скасовано.
Start decoding.;Start decoding.; Dekodierung startet.; Iniciar descodificación.; Начать декодирование.; Démarrer le décodage.; Почати декодування.
Fan Project for analyzing Starcraft II Direct Strike Replays;Fan Project for analyzing Starcraft II Direct Strike Replays; Fan-Projekt zur Analyse von Starcraft II Direct Strike Wiederholungen; Proyecto de fanáticos para analizar repeticiones de Starcraft II Direct Strike; Фан-проект для анализа повторов Starcraft II Direct Strike; Projet de fan pour analyser les rediffusions de Starcraft II Direct Strike; Фан-проект для аналізу повторів Starcraft II Direct Strike
All code including this app is open source (GPL-v3) and available on GitHub;All code including this app is open source (GPL-v3) and available on GitHub; Der gesamte Code einschließlich dieser App ist Open Source (GPL-v3) und auf GitHub verfügbar; Todo el código, incluida esta aplicación, es de código abierto (GPL-v3) y está disponible en GitHub; Весь код, включая это приложение, является открытым исходным кодом (GPL-v3) и доступен на GitHub; Tout le code, y compris cette application, est open source (GPL-v3) et disponible sur GitHub; Весь код, включаючи це додаток, є відкритим вихідним кодом (GPL-v3) і доступний на GitHub
Project History;Project History; Projektgeschichte; Historia del proyecto; История проекта; Histoire du projet; Історія проекту
Some time ago I 'briefly' described how the project came about and how it developed in the beginning;Some time ago I 'briefly' described how the project came about and how it developed in the beginning; Vor einiger Zeit habe ich 'kurz' beschrieben, wie das Projekt entstanden ist und wie es am Anfang entwickelt wurde; Hace algún tiempo 'breve' describí cómo surgió el proyecto y cómo se desarrolló al principio; Некоторое время назад я 'кратко' описал, как проект появился и как он развивался в начале; Il y a quelque temps, j'ai 'brièvement' décrit comment le projet a vu le jour et comment il s'est développé au début; Кілька часу тому я 'коротко' описав, як проект виник та як він розвивався на початку
For me, the project is a very good opportunity to try out the latest technologies, especially dotnet core, entity framework core, and Blazor;For me, the project is a very good opportunity to try out the latest technologies, especially dotnet core, entity framework core, and Blazor; Für mich ist das Projekt eine sehr gute Gelegenheit, die neuesten Technologien auszuprobieren, insbesondere dotnet core, entity framework core und Blazor; Para mí, el proyecto es una muy buena oportunidad para probar las últimas tecnologías, especialmente dotnet core, entity framework core y Blazor; Для меня проект - отличная возможность попробовать последние технологии, особенно dotnet core, entity framework core и Blazor; Pour moi, le projet est une très bonne opportunité de tester les dernières technologies, en particulier dotnet core, entity framework core et Blazor; Для мене проект - дуже гарна можливість випробувати останні технології, особливо dotnet core, entity framework core і Blazor
Contact;Contact; Kontakt; Contacto; Контакты; Contact; Контакти
If you have any questions about the project or if you're interested in similar work, feel free to reach out:;If you have any questions about the project or if you're interested in similar work, feel free to reach out:; Wenn Sie Fragen zum Projekt haben oder an ähnlicher Arbeit interessiert sind, können Sie sich gerne melden:; Si tienes preguntas sobre el proyecto o estás interesado en trabajos similares, no dudes en ponerte en contacto:; Если у вас есть вопросы по проекту или вас интересует похожая работа, не стесняйтесь связаться:; Si vous avez des questions sur le projet ou si vous êtes intéressé par un travail similaire, n'hésitez pas à nous contacter:; Якщо у вас є питання щодо проекту або вас цікавить подібна робота, не соромтеся звертатися:
Send email;Send email; E-Mail senden; Enviar correo electrónico; Отправить письмо; Envoyer un e-mail; Надіслати листа
Players;Players; Spieler; Jugadores; Игроки; Joueurs; Гравці
Should a backup be created at this location now?;Should a backup be created at this location now?; Soll jetzt eine Sicherung an diesem Ort erstellt werden?; ¿Debería crearse una copia de seguridad en este lugar ahora?; Следует ли создать резервную копию в этом месте сейчас?; Une sauvegarde doit-elle être créée à cet emplacement maintenant ?; Чи слід створити резервну копію зараз у цьому місці?
Restore Database?;Restore Database?; Datenbank wiederherstellen?; ¿Restaurar base de datos?; Восстановить базу данных?; Restaurer la base de données ?; Відновити базу даних?
The current data will be overwritten.;The current data will be overwritten.; Die aktuellen Daten werden überschrieben.; Los datos actuales serán sobrescritos.; Текущие данные будут перезаписаны.; Les données actuelles seront écrasées.; Поточні дані будуть перезаписані.
Please check if the settings are as expected.;Please check if the settings are as expected.; Bitte überprüfen Sie, ob die Einstellungen wie erwartet sind.; Por favor, compruebe si la configuración es la esperada.; Пожалуйста, проверьте, соответствуют ли настройки ожидаемым.; Veuillez vérifier si les paramètres sont conformes aux attentes.; Будь ласка, перевірте, чи налаштування відповідають очікуванням.
